<?xml version="1.0" encoding="utf-8" ?>
<dwsync>
<file name="arrow-up.png" server="C:/wamp/www/GeoCoinMine/" local="131212849140000000" remote="131212849140000000" Dst="-1" />
<file name="search-icon.jpg" server="C:/wamp/www/GeoCoinMine/" local="131212849140000000" remote="131212849140000000" Dst="-1" />
<file name="chart-texture.jpg" server="C:/wamp/www/GeoCoinMine/" local="131212849140000000" remote="131212849140000000" Dst="-1" />
<file name="left-arrow.png" server="C:/wamp/www/GeoCoinMine/" local="131212849140000000" remote="131212849140000000" Dst="-1" />
<file name="right-arrow.png" server="C:/wamp/www/GeoCoinMine/" local="131212849140000000" remote="131212849140000000" Dst="-1" />
<file name="customSelect-arrow.gif" server="C:/wamp/www/GeoCoinMine/" local="131212849140000000" remote="131212849140000000" Dst="-1" />
<file name="Germany.png" server="C:/wamp/www/GeoCoinMine/" local="131212849140000000" remote="131212849140000000" Dst="-1" />
<file name="India.png" server="C:/wamp/www/GeoCoinMine/" local="131212849140000000" remote="131212849140000000" Dst="-1" />
<file name="Spain.png" server="C:/wamp/www/GeoCoinMine/" local="131212849140000000" remote="131212849140000000" Dst="-1" />
<file name="arrow-up.png" server="C:/wamp/www/BTCvedan/" local="131212597140000000" remote="131212597140000000" Dst="0" />
<file name="search-icon.jpg" server="C:/wamp/www/BTCvedan/" local="131212597140000000" remote="131212597140000000" Dst="0" />
<file name="chart-texture.jpg" server="C:/wamp/www/BTCvedan/" local="131212597140000000" remote="131212597140000000" Dst="0" />
<file name="left-arrow.png" server="C:/wamp/www/BTCvedan/" local="131212597140000000" remote="131212597140000000" Dst="0" />
<file name="right-arrow.png" server="C:/wamp/www/BTCvedan/" local="131212597140000000" remote="131212597140000000" Dst="0" />
<file name="customSelect-arrow.gif" server="C:/wamp/www/BTCvedan/" local="131212597140000000" remote="131212597140000000" Dst="0" />
<file name="arrow-up.png" server="C:/wamp/www/ACADmovi/" local="131212597140000000" remote="131212597140000000" Dst="0" />
<file name="search-icon.jpg" server="C:/wamp/www/ACADmovi/" local="131212597140000000" remote="131212597140000000" Dst="0" />
<file name="chart-texture.jpg" server="C:/wamp/www/ACADmovi/" local="131212597140000000" remote="131212597140000000" Dst="0" />
<file name="left-arrow.png" server="C:/wamp/www/ACADmovi/" local="131212597140000000" remote="131212597140000000" Dst="0" />
<file name="right-arrow.png" server="C:/wamp/www/ACADmovi/" local="131212597140000000" remote="131212597140000000" Dst="0" />
<file name="customSelect-arrow.gif" server="C:/wamp/www/ACADmovi/" local="131212597140000000" remote="131212597140000000" Dst="0" />
<file name="arrow-up.png" server="C:/wamp/www/ALPHA-PACK/" local="131212597140000000" remote="131212597140000000" Dst="0" />
<file name="search-icon.jpg" server="C:/wamp/www/ALPHA-PACK/" local="131212597140000000" remote="131212597140000000" Dst="0" />
<file name="chart-texture.jpg" server="C:/wamp/www/ALPHA-PACK/" local="131212597140000000" remote="131212597140000000" Dst="0" />
<file name="left-arrow.png" server="C:/wamp/www/ALPHA-PACK/" local="131212597140000000" remote="131212597140000000" Dst="0" />
<file name="right-arrow.png" server="C:/wamp/www/ALPHA-PACK/" local="131212597140000000" remote="131212597140000000" Dst="0" />
<file name="customSelect-arrow.gif" server="C:/wamp/www/ALPHA-PACK/" local="131212597140000000" remote="131212597140000000" Dst="0" />
<file name="arrow-up.png" server="C:/wamp/www/AlMON-PACK/" local="131212597140000000" remote="131212597140000000" Dst="0" />
<file name="search-icon.jpg" server="C:/wamp/www/AlMON-PACK/" local="131212597140000000" remote="131212597140000000" Dst="0" />
<file name="chart-texture.jpg" server="C:/wamp/www/AlMON-PACK/" local="131212597140000000" remote="131212597140000000" Dst="0" />
<file name="left-arrow.png" server="C:/wamp/www/AlMON-PACK/" local="131212597140000000" remote="131212597140000000" Dst="0" />
<file name="right-arrow.png" server="C:/wamp/www/AlMON-PACK/" local="131212597140000000" remote="131212597140000000" Dst="0" />
<file name="customSelect-arrow.gif" server="C:/wamp/www/AlMON-PACK/" local="131212597140000000" remote="131212597140000000" Dst="0" />
<file name="arrow-up.png" server="C:/wamp/www/AFPET_PACK/" local="131212597140000000" remote="131212597140000000" Dst="1" />
<file name="search-icon.jpg" server="C:/wamp/www/AFPET_PACK/" local="131212597140000000" remote="131212597140000000" Dst="1" />
<file name="chart-texture.jpg" server="C:/wamp/www/AFPET_PACK/" local="131212597140000000" remote="131212597140000000" Dst="1" />
<file name="left-arrow.png" server="C:/wamp/www/AFPET_PACK/" local="131212597140000000" remote="131212597140000000" Dst="1" />
<file name="right-arrow.png" server="C:/wamp/www/AFPET_PACK/" local="131212597140000000" remote="131212597140000000" Dst="1" />
<file name="customSelect-arrow.gif" server="C:/wamp/www/AFPET_PACK/" local="131212597140000000" remote="131212597140000000" Dst="1" />
<file name="arrow-up.png" server="C:/wamp/www/MUZI-PACK/" local="131212669140000000" remote="131212669140000000" Dst="0" />
<file name="search-icon.jpg" server="C:/wamp/www/MUZI-PACK/" local="131212669140000000" remote="131212669140000000" Dst="0" />
<file name="chart-texture.jpg" server="C:/wamp/www/MUZI-PACK/" local="131212669140000000" remote="131212669140000000" Dst="0" />
<file name="left-arrow.png" server="C:/wamp/www/MUZI-PACK/" local="131212669140000000" remote="131212669140000000" Dst="0" />
<file name="right-arrow.png" server="C:/wamp/www/MUZI-PACK/" local="131212669140000000" remote="131212669140000000" Dst="0" />
<file name="customSelect-arrow.gif" server="C:/wamp/www/MUZI-PACK/" local="131212669140000000" remote="131212669140000000" Dst="0" />
<file name="arrow-up.png" server="C:/wamp/www/2020FEAST/" local="131212669140000000" remote="131212669140000000" Dst="0" />
<file name="search-icon.jpg" server="C:/wamp/www/2020FEAST/" local="131212669140000000" remote="131212669140000000" Dst="0" />
<file name="chart-texture.jpg" server="C:/wamp/www/2020FEAST/" local="131212669140000000" remote="131212669140000000" Dst="0" />
<file name="left-arrow.png" server="C:/wamp/www/2020FEAST/" local="131212669140000000" remote="131212669140000000" Dst="0" />
<file name="right-arrow.png" server="C:/wamp/www/2020FEAST/" local="131212669140000000" remote="131212669140000000" Dst="0" />
<file name="customSelect-arrow.gif" server="C:/wamp/www/2020FEAST/" local="131212669140000000" remote="131212669140000000" Dst="0" />
</dwsync>